<?xml version="1.0" encoding="UTF-8"?>
<project-private xmlns="http://www.netbeans.org/ns/project-private/1">
    <editor-bookmarks xmlns="http://www.netbeans.org/ns/editor-bookmarks/2" lastBookmarkId="0"/>
    <open-files xmlns="http://www.netbeans.org/ns/projectui-open-files/2">
        <group>
            <file>file:/D:/newproj/DTCRendu/DTCImplementation/src/xmlhelper/XMLHelper.java</file>
            <file>file:/D:/newproj/DTCRendu/DTCImplementation/src/dtc/services/DTCParameterType.java</file>
            <file>file:/D:/newproj/DTCRendu/DTCImplementation/src/dtc/protocol/impl/MalformedHierarchyForXMLFormat.java</file>
            <file>file:/D:/newproj/DTCRendu/DTCImplementation/src/dtc/protocol/impl/DTCProtocol.java</file>
            <file>file:/D:/newproj/DTCRendu/DTCImplementation/src/nethelper/NetHelper.java</file>
            <file>file:/D:/newproj/DTCRendu/DTCImplementation/src/ch/heigvd/res/toolkit/interfaces/IContext.java</file>
            <file>file:/D:/newproj/DTCRendu/DTCImplementation/src/dtc/protocol/messages/ClientResponse.java</file>
            <file>file:/D:/newproj/DTCRendu/DTCImplementation/src/dtc/protocol/messages/DTCClientRequest_ConsumeService.java</file>
            <file>file:/D:/newproj/DTCRendu/DTCImplementation/src/dtc/protocol/messages/DTCClientRequestHelper.java</file>
            <file>file:/D:/newproj/DTCRendu/DTCImplementation/src/dtcimplementation/DTCImplementation.java</file>
            <file>file:/D:/newproj/DTCRendu/DTCImplementation/src/dtc/services/AddService.java</file>
        </group>
    </open-files>
</project-private>
