<?xml version="1.0" encoding="UTF-8"?>
<project-private xmlns="http://www.netbeans.org/ns/project-private/1">
    <editor-bookmarks xmlns="http://www.netbeans.org/ns/editor-bookmarks/2" lastBookmarkId="0"/>
    <open-files xmlns="http://www.netbeans.org/ns/projectui-open-files/2">
        <group>
            <file>file:/D:/newproj/DTCRendu/DTCClient/src/dtc/protocol/impl/DTCProtocol.java</file>
            <file>file:/D:/newproj/DTCRendu/DTCClient/src/nethelper/NetHelper.java</file>
            <file>file:/D:/newproj/DTCRendu/DTCClient/src/dtc/protocol/messages/InvalidMessageFormatException.java</file>
            <file>file:/D:/newproj/DTCRendu/DTCClient/src/dtc/protocol/messages/DTCServerResponse_ListServices.java</file>
            <file>file:/D:/newproj/DTCRendu/DTCClient/src/dtc/protocol/messages/AsyncServerResponse.java</file>
            <file>file:/D:/newproj/DTCRendu/DTCClient/src/typescheck/CheckIsCharacter.java</file>
            <file>file:/D:/newproj/DTCRendu/DTCClient/src/dtc/protocol/messages/DuplicateParametersIndexException.java</file>
            <file>file:/D:/newproj/DTCRendu/DTCClient/src/dtc/protocol/messages/Request.java</file>
            <file>file:/D:/newproj/DTCRendu/DTCClient/src/dtcclient/Client.java</file>
            <file>file:/D:/newproj/DTCRendu/DTCClient/src/xmlhelper/XMLHelper.java</file>
            <file>file:/D:/newproj/DTCRendu/DTCClient/src/dtcclient/IServerListener.java</file>
            <file>file:/D:/newproj/DTCRendu/DTCClient/src/dtc/protocol/messages/DTCServerResponse_Registration.java</file>
            <file>file:/D:/newproj/DTCRendu/DTCClient/src/dtcclient/DTCClient.java</file>
            <file>file:/D:/newproj/DTCRendu/DTCClient/src/typescheck/CheckIsInteger.java</file>
            <file>file:/D:/newproj/DTCRendu/DTCClient/src/dtc/protocol/messages/AsyncRequest.java</file>
            <file>file:/D:/newproj/DTCRendu/DTCClient/src/dtc/protocol/impl/MalformedHierarchyForXMLFormat.java</file>
            <file>file:/D:/newproj/DTCRendu/DTCClient/src/dtcclient/Server.java</file>
            <file>file:/D:/newproj/DTCRendu/DTCClient/src/dtc/protocol/messages/DTCServerResponse_Connect.java</file>
            <file>file:/D:/newproj/DTCRendu/DTCClient/src/dtc/protocol/messages/DTCServerResponse_ConsumeService.java</file>
            <file>file:/D:/newproj/DTCRendu/DTCClient/src/dtcclient/IGeneralClientListener.java</file>
            <file>file:/D:/newproj/DTCRendu/DTCClient/src/typescheck/CheckIsListOfIntegers.java</file>
            <file>file:/D:/newproj/DTCRendu/DTCClient/src/dtc/protocol/messages/ServerResponse.java</file>
            <file>file:/D:/newproj/DTCRendu/DTCClient/src/dtc/protocol/messages/ServerRequestHelper.java</file>
        </group>
    </open-files>
</project-private>
